--
-- PostgreSQL database dump
--

-- Dumped from database version 16.0
-- Dumped by pg_dump version 16.0

SET statement_timeout = 0;
SET lock_timeout = 0;
SET idle_in_transaction_session_timeout = 0;
SET client_encoding = 'UTF8';
SET standard_conforming_strings = on;
SELECT pg_catalog.set_config('search_path', '', false);
SET check_function_bodies = false;
SET xmloption = content;
SET client_min_messages = warning;
SET row_security = off;

SET default_tablespace = '';

SET default_table_access_method = heap;

--
-- Name: auth_group; Type: TABLE; Schema: public; Owner: postgres
--

CREATE TABLE public.auth_group (
    id integer NOT NULL,
    name character varying(150) NOT NULL
);


ALTER TABLE public.auth_group OWNER TO postgres;

--
-- Name: auth_group_id_seq; Type: SEQUENCE; Schema: public; Owner: postgres
--

ALTER TABLE public.auth_group ALTER COLUMN id ADD GENERATED BY DEFAULT AS IDENTITY (
    SEQUENCE NAME public.auth_group_id_seq
    START WITH 1
    INCREMENT BY 1
    NO MINVALUE
    NO MAXVALUE
    CACHE 1
);


--
-- Name: auth_group_permissions; Type: TABLE; Schema: public; Owner: postgres
--

CREATE TABLE public.auth_group_permissions (
    id bigint NOT NULL,
    group_id integer NOT NULL,
    permission_id integer NOT NULL
);


ALTER TABLE public.auth_group_permissions OWNER TO postgres;

--
-- Name: auth_group_permissions_id_seq; Type: SEQUENCE; Schema: public; Owner: postgres
--

ALTER TABLE public.auth_group_permissions ALTER COLUMN id ADD GENERATED BY DEFAULT AS IDENTITY (
    SEQUENCE NAME public.auth_group_permissions_id_seq
    START WITH 1
    INCREMENT BY 1
    NO MINVALUE
    NO MAXVALUE
    CACHE 1
);


--
-- Name: auth_permission; Type: TABLE; Schema: public; Owner: postgres
--

CREATE TABLE public.auth_permission (
    id integer NOT NULL,
    name character varying(255) NOT NULL,
    content_type_id integer NOT NULL,
    codename character varying(100) NOT NULL
);


ALTER TABLE public.auth_permission OWNER TO postgres;

--
-- Name: auth_permission_id_seq; Type: SEQUENCE; Schema: public; Owner: postgres
--

ALTER TABLE public.auth_permission ALTER COLUMN id ADD GENERATED BY DEFAULT AS IDENTITY (
    SEQUENCE NAME public.auth_permission_id_seq
    START WITH 1
    INCREMENT BY 1
    NO MINVALUE
    NO MAXVALUE
    CACHE 1
);


--
-- Name: auth_user; Type: TABLE; Schema: public; Owner: postgres
--

CREATE TABLE public.auth_user (
    id integer NOT NULL,
    password character varying(128) NOT NULL,
    last_login timestamp with time zone,
    is_superuser boolean NOT NULL,
    username character varying(150) NOT NULL,
    first_name character varying(150) NOT NULL,
    last_name character varying(150) NOT NULL,
    email character varying(254) NOT NULL,
    is_staff boolean NOT NULL,
    is_active boolean NOT NULL,
    date_joined timestamp with time zone NOT NULL
);


ALTER TABLE public.auth_user OWNER TO postgres;

--
-- Name: auth_user_groups; Type: TABLE; Schema: public; Owner: postgres
--

CREATE TABLE public.auth_user_groups (
    id bigint NOT NULL,
    user_id integer NOT NULL,
    group_id integer NOT NULL
);


ALTER TABLE public.auth_user_groups OWNER TO postgres;

--
-- Name: auth_user_groups_id_seq; Type: SEQUENCE; Schema: public; Owner: postgres
--

ALTER TABLE public.auth_user_groups ALTER COLUMN id ADD GENERATED BY DEFAULT AS IDENTITY (
    SEQUENCE NAME public.auth_user_groups_id_seq
    START WITH 1
    INCREMENT BY 1
    NO MINVALUE
    NO MAXVALUE
    CACHE 1
);


--
-- Name: auth_user_id_seq; Type: SEQUENCE; Schema: public; Owner: postgres
--

ALTER TABLE public.auth_user ALTER COLUMN id ADD GENERATED BY DEFAULT AS IDENTITY (
    SEQUENCE NAME public.auth_user_id_seq
    START WITH 1
    INCREMENT BY 1
    NO MINVALUE
    NO MAXVALUE
    CACHE 1
);


--
-- Name: auth_user_user_permissions; Type: TABLE; Schema: public; Owner: postgres
--

CREATE TABLE public.auth_user_user_permissions (
    id bigint NOT NULL,
    user_id integer NOT NULL,
    permission_id integer NOT NULL
);


ALTER TABLE public.auth_user_user_permissions OWNER TO postgres;

--
-- Name: auth_user_user_permissions_id_seq; Type: SEQUENCE; Schema: public; Owner: postgres
--

ALTER TABLE public.auth_user_user_permissions ALTER COLUMN id ADD GENERATED BY DEFAULT AS IDENTITY (
    SEQUENCE NAME public.auth_user_user_permissions_id_seq
    START WITH 1
    INCREMENT BY 1
    NO MINVALUE
    NO MAXVALUE
    CACHE 1
);


--
-- Name: django_admin_log; Type: TABLE; Schema: public; Owner: postgres
--

CREATE TABLE public.django_admin_log (
    id integer NOT NULL,
    action_time timestamp with time zone NOT NULL,
    object_id text,
    object_repr character varying(200) NOT NULL,
    action_flag smallint NOT NULL,
    change_message text NOT NULL,
    content_type_id integer,
    user_id integer NOT NULL,
    CONSTRAINT django_admin_log_action_flag_check CHECK ((action_flag >= 0))
);


ALTER TABLE public.django_admin_log OWNER TO postgres;

--
-- Name: django_admin_log_id_seq; Type: SEQUENCE; Schema: public; Owner: postgres
--

ALTER TABLE public.django_admin_log ALTER COLUMN id ADD GENERATED BY DEFAULT AS IDENTITY (
    SEQUENCE NAME public.django_admin_log_id_seq
    START WITH 1
    INCREMENT BY 1
    NO MINVALUE
    NO MAXVALUE
    CACHE 1
);


--
-- Name: django_content_type; Type: TABLE; Schema: public; Owner: postgres
--

CREATE TABLE public.django_content_type (
    id integer NOT NULL,
    app_label character varying(100) NOT NULL,
    model character varying(100) NOT NULL
);


ALTER TABLE public.django_content_type OWNER TO postgres;

--
-- Name: django_content_type_id_seq; Type: SEQUENCE; Schema: public; Owner: postgres
--

ALTER TABLE public.django_content_type ALTER COLUMN id ADD GENERATED BY DEFAULT AS IDENTITY (
    SEQUENCE NAME public.django_content_type_id_seq
    START WITH 1
    INCREMENT BY 1
    NO MINVALUE
    NO MAXVALUE
    CACHE 1
);


--
-- Name: django_migrations; Type: TABLE; Schema: public; Owner: postgres
--

CREATE TABLE public.django_migrations (
    id bigint NOT NULL,
    app character varying(255) NOT NULL,
    name character varying(255) NOT NULL,
    applied timestamp with time zone NOT NULL
);


ALTER TABLE public.django_migrations OWNER TO postgres;

--
-- Name: django_migrations_id_seq; Type: SEQUENCE; Schema: public; Owner: postgres
--

ALTER TABLE public.django_migrations ALTER COLUMN id ADD GENERATED BY DEFAULT AS IDENTITY (
    SEQUENCE NAME public.django_migrations_id_seq
    START WITH 1
    INCREMENT BY 1
    NO MINVALUE
    NO MAXVALUE
    CACHE 1
);


--
-- Name: django_session; Type: TABLE; Schema: public; Owner: postgres
--

CREATE TABLE public.django_session (
    session_key character varying(40) NOT NULL,
    session_data text NOT NULL,
    expire_date timestamp with time zone NOT NULL
);


ALTER TABLE public.django_session OWNER TO postgres;

--
-- Name: pokemones_pokemon; Type: TABLE; Schema: public; Owner: postgres
--

CREATE TABLE public.pokemones_pokemon (
    id bigint NOT NULL,
    nombre_pokemon character varying(255) NOT NULL
);


ALTER TABLE public.pokemones_pokemon OWNER TO postgres;

--
-- Name: pokemones_pokemon_id_seq; Type: SEQUENCE; Schema: public; Owner: postgres
--

ALTER TABLE public.pokemones_pokemon ALTER COLUMN id ADD GENERATED BY DEFAULT AS IDENTITY (
    SEQUENCE NAME public.pokemones_pokemon_id_seq
    START WITH 1
    INCREMENT BY 1
    NO MINVALUE
    NO MAXVALUE
    CACHE 1
);


--
-- Name: pokemones_region; Type: TABLE; Schema: public; Owner: postgres
--

CREATE TABLE public.pokemones_region (
    id bigint NOT NULL,
    nombre_region character varying(255) NOT NULL
);


ALTER TABLE public.pokemones_region OWNER TO postgres;

--
-- Name: pokemones_region_id_seq; Type: SEQUENCE; Schema: public; Owner: postgres
--

ALTER TABLE public.pokemones_region ALTER COLUMN id ADD GENERATED BY DEFAULT AS IDENTITY (
    SEQUENCE NAME public.pokemones_region_id_seq
    START WITH 1
    INCREMENT BY 1
    NO MINVALUE
    NO MAXVALUE
    CACHE 1
);


--
-- Name: pokemones_region_pokemon; Type: TABLE; Schema: public; Owner: postgres
--

CREATE TABLE public.pokemones_region_pokemon (
    id bigint NOT NULL,
    id_pokemon_id bigint,
    id_region_id bigint
);


ALTER TABLE public.pokemones_region_pokemon OWNER TO postgres;

--
-- Name: pokemones_region_pokemon_id_seq; Type: SEQUENCE; Schema: public; Owner: postgres
--

ALTER TABLE public.pokemones_region_pokemon ALTER COLUMN id ADD GENERATED BY DEFAULT AS IDENTITY (
    SEQUENCE NAME public.pokemones_region_pokemon_id_seq
    START WITH 1
    INCREMENT BY 1
    NO MINVALUE
    NO MAXVALUE
    CACHE 1
);


--
-- Name: pokemones_tipo; Type: TABLE; Schema: public; Owner: postgres
--

CREATE TABLE public.pokemones_tipo (
    id bigint NOT NULL,
    nombre_tipo character varying(255) NOT NULL
);


ALTER TABLE public.pokemones_tipo OWNER TO postgres;

--
-- Name: pokemones_tipo_id_seq; Type: SEQUENCE; Schema: public; Owner: postgres
--

ALTER TABLE public.pokemones_tipo ALTER COLUMN id ADD GENERATED BY DEFAULT AS IDENTITY (
    SEQUENCE NAME public.pokemones_tipo_id_seq
    START WITH 1
    INCREMENT BY 1
    NO MINVALUE
    NO MAXVALUE
    CACHE 1
);


--
-- Name: pokemones_tipo_pokemon; Type: TABLE; Schema: public; Owner: postgres
--

CREATE TABLE public.pokemones_tipo_pokemon (
    id bigint NOT NULL,
    id_pokemon_id bigint,
    id_tipo_id bigint
);


ALTER TABLE public.pokemones_tipo_pokemon OWNER TO postgres;

--
-- Name: pokemones_tipo_pokemon_id_seq; Type: SEQUENCE; Schema: public; Owner: postgres
--

ALTER TABLE public.pokemones_tipo_pokemon ALTER COLUMN id ADD GENERATED BY DEFAULT AS IDENTITY (
    SEQUENCE NAME public.pokemones_tipo_pokemon_id_seq
    START WITH 1
    INCREMENT BY 1
    NO MINVALUE
    NO MAXVALUE
    CACHE 1
);


--
-- Data for Name: auth_group; Type: TABLE DATA; Schema: public; Owner: postgres
--

COPY public.auth_group (id, name) FROM stdin;
\.


--
-- Data for Name: auth_group_permissions; Type: TABLE DATA; Schema: public; Owner: postgres
--

COPY public.auth_group_permissions (id, group_id, permission_id) FROM stdin;
\.


--
-- Data for Name: auth_permission; Type: TABLE DATA; Schema: public; Owner: postgres
--

COPY public.auth_permission (id, name, content_type_id, codename) FROM stdin;
1	Can add pokemon	1	add_pokemon
2	Can change pokemon	1	change_pokemon
3	Can delete pokemon	1	delete_pokemon
4	Can view pokemon	1	view_pokemon
5	Can add region	2	add_region
6	Can change region	2	change_region
7	Can delete region	2	delete_region
8	Can view region	2	view_region
9	Can add tipo	3	add_tipo
10	Can change tipo	3	change_tipo
11	Can delete tipo	3	delete_tipo
12	Can view tipo	3	view_tipo
13	Can add tip o_pokemon	4	add_tipo_pokemon
14	Can change tip o_pokemon	4	change_tipo_pokemon
15	Can delete tip o_pokemon	4	delete_tipo_pokemon
16	Can view tip o_pokemon	4	view_tipo_pokemon
17	Can add regio n_pokemon	5	add_region_pokemon
18	Can change regio n_pokemon	5	change_region_pokemon
19	Can delete regio n_pokemon	5	delete_region_pokemon
20	Can view regio n_pokemon	5	view_region_pokemon
21	Can add log entry	6	add_logentry
22	Can change log entry	6	change_logentry
23	Can delete log entry	6	delete_logentry
24	Can view log entry	6	view_logentry
25	Can add permission	7	add_permission
26	Can change permission	7	change_permission
27	Can delete permission	7	delete_permission
28	Can view permission	7	view_permission
29	Can add group	8	add_group
30	Can change group	8	change_group
31	Can delete group	8	delete_group
32	Can view group	8	view_group
33	Can add user	9	add_user
34	Can change user	9	change_user
35	Can delete user	9	delete_user
36	Can view user	9	view_user
37	Can add content type	10	add_contenttype
38	Can change content type	10	change_contenttype
39	Can delete content type	10	delete_contenttype
40	Can view content type	10	view_contenttype
41	Can add session	11	add_session
42	Can change session	11	change_session
43	Can delete session	11	delete_session
44	Can view session	11	view_session
\.


--
-- Data for Name: auth_user; Type: TABLE DATA; Schema: public; Owner: postgres
--

COPY public.auth_user (id, password, last_login, is_superuser, username, first_name, last_name, email, is_staff, is_active, date_joined) FROM stdin;
\.


--
-- Data for Name: auth_user_groups; Type: TABLE DATA; Schema: public; Owner: postgres
--

COPY public.auth_user_groups (id, user_id, group_id) FROM stdin;
\.


--
-- Data for Name: auth_user_user_permissions; Type: TABLE DATA; Schema: public; Owner: postgres
--

COPY public.auth_user_user_permissions (id, user_id, permission_id) FROM stdin;
\.


--
-- Data for Name: django_admin_log; Type: TABLE DATA; Schema: public; Owner: postgres
--

COPY public.django_admin_log (id, action_time, object_id, object_repr, action_flag, change_message, content_type_id, user_id) FROM stdin;
\.


--
-- Data for Name: django_content_type; Type: TABLE DATA; Schema: public; Owner: postgres
--

COPY public.django_content_type (id, app_label, model) FROM stdin;
1	pokemones	pokemon
2	pokemones	region
3	pokemones	tipo
4	pokemones	tipo_pokemon
5	pokemones	region_pokemon
6	admin	logentry
7	auth	permission
8	auth	group
9	auth	user
10	contenttypes	contenttype
11	sessions	session
\.


--
-- Data for Name: django_migrations; Type: TABLE DATA; Schema: public; Owner: postgres
--

COPY public.django_migrations (id, app, name, applied) FROM stdin;
1	contenttypes	0001_initial	2023-09-29 19:51:02.259956-03
2	auth	0001_initial	2023-09-29 19:51:02.328842-03
3	admin	0001_initial	2023-09-29 19:51:02.344931-03
4	admin	0002_logentry_remove_auto_add	2023-09-29 19:51:02.350594-03
5	admin	0003_logentry_add_action_flag_choices	2023-09-29 19:51:02.355599-03
6	contenttypes	0002_remove_content_type_name	2023-09-29 19:51:02.3649-03
7	auth	0002_alter_permission_name_max_length	2023-09-29 19:51:02.370581-03
8	auth	0003_alter_user_email_max_length	2023-09-29 19:51:02.376587-03
9	auth	0004_alter_user_username_opts	2023-09-29 19:51:02.384081-03
10	auth	0005_alter_user_last_login_null	2023-09-29 19:51:02.387876-03
11	auth	0006_require_contenttypes_0002	2023-09-29 19:51:02.389871-03
12	auth	0007_alter_validators_add_error_messages	2023-09-29 19:51:02.393892-03
13	auth	0008_alter_user_username_max_length	2023-09-29 19:51:02.404298-03
14	auth	0009_alter_user_last_name_max_length	2023-09-29 19:51:02.409203-03
15	auth	0010_alter_group_name_max_length	2023-09-29 19:51:02.416207-03
16	auth	0011_update_proxy_permissions	2023-09-29 19:51:02.420707-03
17	auth	0012_alter_user_first_name_max_length	2023-09-29 19:51:02.425303-03
18	pokemones	0001_initial	2023-09-29 19:51:02.459288-03
19	sessions	0001_initial	2023-09-29 19:51:02.469587-03
20	pokemones	0002_rename_region_region_nombre_region_and_more	2023-09-30 10:47:51.733238-03
21	pokemones	0003_rename_pokemon_tipo_pokemon_id_pokemon_and_more	2023-09-30 11:16:19.699704-03
\.


--
-- Data for Name: django_session; Type: TABLE DATA; Schema: public; Owner: postgres
--

COPY public.django_session (session_key, session_data, expire_date) FROM stdin;
\.


--
-- Data for Name: pokemones_pokemon; Type: TABLE DATA; Schema: public; Owner: postgres
--

COPY public.pokemones_pokemon (id, nombre_pokemon) FROM stdin;
21	Charizard
22	Snom
23	Vulpix
24	Ponyta
25	Tepig
26	Seadra
27	Corsola
28	Sharpedo
29	Aron
30	Metang
31	Kakuna
32	Pineco
33	Venonat
34	Dragonite
35	Dratini
36	Jolteon
37	Magneton
38	Gastly
39	Haunter
20	Pikachus
\.


--
-- Data for Name: pokemones_region; Type: TABLE DATA; Schema: public; Owner: postgres
--

COPY public.pokemones_region (id, nombre_region) FROM stdin;
20	Johto
21	Kalos
22	Hoenn
23	Kanto
24	Alola
25	Galar
26	Galar
27	Paldea
28	Galar
29	Kanto
30	Sinnoh
31	Kanto
32	Sinnoh
33	Johto
34	Almia
35	Almia
36	Hoenn
37	Kanto
38	Johto
19	kanto
\.


--
-- Data for Name: pokemones_region_pokemon; Type: TABLE DATA; Schema: public; Owner: postgres
--

COPY public.pokemones_region_pokemon (id, id_pokemon_id, id_region_id) FROM stdin;
16	20	19
17	21	20
18	22	21
19	23	22
20	24	23
21	25	24
22	26	25
23	27	26
24	28	27
25	29	28
26	30	29
27	31	30
28	32	31
29	33	32
30	34	33
31	35	34
32	36	35
33	37	36
34	38	37
35	39	38
\.


--
-- Data for Name: pokemones_tipo; Type: TABLE DATA; Schema: public; Owner: postgres
--

COPY public.pokemones_tipo (id, nombre_tipo) FROM stdin;
20	Fuego
21	Hielo
22	Fuego
23	Fuego
24	Fuego
25	Agua
26	Agua
27	Agua
28	Acero
29	Acero
30	Bicho
31	Bicho
32	Bicho
33	Dragon
34	Dragon
35	Electrico
36	Electrico
37	Fantasma
38	Fantasma
19	Electrico
\.


--
-- Data for Name: pokemones_tipo_pokemon; Type: TABLE DATA; Schema: public; Owner: postgres
--

COPY public.pokemones_tipo_pokemon (id, id_pokemon_id, id_tipo_id) FROM stdin;
18	20	19
19	21	20
20	22	21
21	23	22
22	24	23
23	25	24
24	26	25
25	27	26
26	28	27
27	29	28
28	30	29
29	31	30
30	32	31
31	33	32
32	34	33
33	35	34
34	36	35
35	37	36
36	38	37
37	39	38
\.


--
-- Name: auth_group_id_seq; Type: SEQUENCE SET; Schema: public; Owner: postgres
--

SELECT pg_catalog.setval('public.auth_group_id_seq', 1, false);


--
-- Name: auth_group_permissions_id_seq; Type: SEQUENCE SET; Schema: public; Owner: postgres
--

SELECT pg_catalog.setval('public.auth_group_permissions_id_seq', 1, false);


--
-- Name: auth_permission_id_seq; Type: SEQUENCE SET; Schema: public; Owner: postgres
--

SELECT pg_catalog.setval('public.auth_permission_id_seq', 44, true);


--
-- Name: auth_user_groups_id_seq; Type: SEQUENCE SET; Schema: public; Owner: postgres
--

SELECT pg_catalog.setval('public.auth_user_groups_id_seq', 1, false);


--
-- Name: auth_user_id_seq; Type: SEQUENCE SET; Schema: public; Owner: postgres
--

SELECT pg_catalog.setval('public.auth_user_id_seq', 1, false);


--
-- Name: auth_user_user_permissions_id_seq; Type: SEQUENCE SET; Schema: public; Owner: postgres
--

SELECT pg_catalog.setval('public.auth_user_user_permissions_id_seq', 1, false);


--
-- Name: django_admin_log_id_seq; Type: SEQUENCE SET; Schema: public; Owner: postgres
--

SELECT pg_catalog.setval('public.django_admin_log_id_seq', 1, false);


--
-- Name: django_content_type_id_seq; Type: SEQUENCE SET; Schema: public; Owner: postgres
--

SELECT pg_catalog.setval('public.django_content_type_id_seq', 11, true);


--
-- Name: django_migrations_id_seq; Type: SEQUENCE SET; Schema: public; Owner: postgres
--

SELECT pg_catalog.setval('public.django_migrations_id_seq', 21, true);


--
-- Name: pokemones_pokemon_id_seq; Type: SEQUENCE SET; Schema: public; Owner: postgres
--

SELECT pg_catalog.setval('public.pokemones_pokemon_id_seq', 41, true);


--
-- Name: pokemones_region_id_seq; Type: SEQUENCE SET; Schema: public; Owner: postgres
--

SELECT pg_catalog.setval('public.pokemones_region_id_seq', 40, true);


--
-- Name: pokemones_region_pokemon_id_seq; Type: SEQUENCE SET; Schema: public; Owner: postgres
--

SELECT pg_catalog.setval('public.pokemones_region_pokemon_id_seq', 37, true);


--
-- Name: pokemones_tipo_id_seq; Type: SEQUENCE SET; Schema: public; Owner: postgres
--

SELECT pg_catalog.setval('public.pokemones_tipo_id_seq', 40, true);


--
-- Name: pokemones_tipo_pokemon_id_seq; Type: SEQUENCE SET; Schema: public; Owner: postgres
--

SELECT pg_catalog.setval('public.pokemones_tipo_pokemon_id_seq', 39, true);


--
-- Name: auth_group auth_group_name_key; Type: CONSTRAINT; Schema: public; Owner: postgres
--

ALTER TABLE ONLY public.auth_group
    ADD CONSTRAINT auth_group_name_key UNIQUE (name);


--
-- Name: auth_group_permissions auth_group_permissions_group_id_permission_id_0cd325b0_uniq; Type: CONSTRAINT; Schema: public; Owner: postgres
--

ALTER TABLE ONLY public.auth_group_permissions
    ADD CONSTRAINT auth_group_permissions_group_id_permission_id_0cd325b0_uniq UNIQUE (group_id, permission_id);


--
-- Name: auth_group_permissions auth_group_permissions_pkey; Type: CONSTRAINT; Schema: public; Owner: postgres
--

ALTER TABLE ONLY public.auth_group_permissions
    ADD CONSTRAINT auth_group_permissions_pkey PRIMARY KEY (id);


--
-- Name: auth_group auth_group_pkey; Type: CONSTRAINT; Schema: public; Owner: postgres
--

ALTER TABLE ONLY public.auth_group
    ADD CONSTRAINT auth_group_pkey PRIMARY KEY (id);


--
-- Name: auth_permission auth_permission_content_type_id_codename_01ab375a_uniq; Type: CONSTRAINT; Schema: public; Owner: postgres
--

ALTER TABLE ONLY public.auth_permission
    ADD CONSTRAINT auth_permission_content_type_id_codename_01ab375a_uniq UNIQUE (content_type_id, codename);


--
-- Name: auth_permission auth_permission_pkey; Type: CONSTRAINT; Schema: public; Owner: postgres
--

ALTER TABLE ONLY public.auth_permission
    ADD CONSTRAINT auth_permission_pkey PRIMARY KEY (id);


--
-- Name: auth_user_groups auth_user_groups_pkey; Type: CONSTRAINT; Schema: public; Owner: postgres
--

ALTER TABLE ONLY public.auth_user_groups
    ADD CONSTRAINT auth_user_groups_pkey PRIMARY KEY (id);


--
-- Name: auth_user_groups auth_user_groups_user_id_group_id_94350c0c_uniq; Type: CONSTRAINT; Schema: public; Owner: postgres
--

ALTER TABLE ONLY public.auth_user_groups
    ADD CONSTRAINT auth_user_groups_user_id_group_id_94350c0c_uniq UNIQUE (user_id, group_id);


--
-- Name: auth_user auth_user_pkey; Type: CONSTRAINT; Schema: public; Owner: postgres
--

ALTER TABLE ONLY public.auth_user
    ADD CONSTRAINT auth_user_pkey PRIMARY KEY (id);


--
-- Name: auth_user_user_permissions auth_user_user_permissions_pkey; Type: CONSTRAINT; Schema: public; Owner: postgres
--

ALTER TABLE ONLY public.auth_user_user_permissions
    ADD CONSTRAINT auth_user_user_permissions_pkey PRIMARY KEY (id);


--
-- Name: auth_user_user_permissions auth_user_user_permissions_user_id_permission_id_14a6b632_uniq; Type: CONSTRAINT; Schema: public; Owner: postgres
--

ALTER TABLE ONLY public.auth_user_user_permissions
    ADD CONSTRAINT auth_user_user_permissions_user_id_permission_id_14a6b632_uniq UNIQUE (user_id, permission_id);


--
-- Name: auth_user auth_user_username_key; Type: CONSTRAINT; Schema: public; Owner: postgres
--

ALTER TABLE ONLY public.auth_user
    ADD CONSTRAINT auth_user_username_key UNIQUE (username);


--
-- Name: django_admin_log django_admin_log_pkey; Type: CONSTRAINT; Schema: public; Owner: postgres
--

ALTER TABLE ONLY public.django_admin_log
    ADD CONSTRAINT django_admin_log_pkey PRIMARY KEY (id);


--
-- Name: django_content_type django_content_type_app_label_model_76bd3d3b_uniq; Type: CONSTRAINT; Schema: public; Owner: postgres
--

ALTER TABLE ONLY public.django_content_type
    ADD CONSTRAINT django_content_type_app_label_model_76bd3d3b_uniq UNIQUE (app_label, model);


--
-- Name: django_content_type django_content_type_pkey; Type: CONSTRAINT; Schema: public; Owner: postgres
--

ALTER TABLE ONLY public.django_content_type
    ADD CONSTRAINT django_content_type_pkey PRIMARY KEY (id);


--
-- Name: django_migrations django_migrations_pkey; Type: CONSTRAINT; Schema: public; Owner: postgres
--

ALTER TABLE ONLY public.django_migrations
    ADD CONSTRAINT django_migrations_pkey PRIMARY KEY (id);


--
-- Name: django_session django_session_pkey; Type: CONSTRAINT; Schema: public; Owner: postgres
--

ALTER TABLE ONLY public.django_session
    ADD CONSTRAINT django_session_pkey PRIMARY KEY (session_key);


--
-- Name: pokemones_pokemon pokemones_pokemon_pkey; Type: CONSTRAINT; Schema: public; Owner: postgres
--

ALTER TABLE ONLY public.pokemones_pokemon
    ADD CONSTRAINT pokemones_pokemon_pkey PRIMARY KEY (id);


--
-- Name: pokemones_region pokemones_region_pkey; Type: CONSTRAINT; Schema: public; Owner: postgres
--

ALTER TABLE ONLY public.pokemones_region
    ADD CONSTRAINT pokemones_region_pkey PRIMARY KEY (id);


--
-- Name: pokemones_region_pokemon pokemones_region_pokemon_pkey; Type: CONSTRAINT; Schema: public; Owner: postgres
--

ALTER TABLE ONLY public.pokemones_region_pokemon
    ADD CONSTRAINT pokemones_region_pokemon_pkey PRIMARY KEY (id);


--
-- Name: pokemones_tipo pokemones_tipo_pkey; Type: CONSTRAINT; Schema: public; Owner: postgres
--

ALTER TABLE ONLY public.pokemones_tipo
    ADD CONSTRAINT pokemones_tipo_pkey PRIMARY KEY (id);


--
-- Name: pokemones_tipo_pokemon pokemones_tipo_pokemon_pkey; Type: CONSTRAINT; Schema: public; Owner: postgres
--

ALTER TABLE ONLY public.pokemones_tipo_pokemon
    ADD CONSTRAINT pokemones_tipo_pokemon_pkey PRIMARY KEY (id);


--
-- Name: auth_group_name_a6ea08ec_like; Type: INDEX; Schema: public; Owner: postgres
--

CREATE INDEX auth_group_name_a6ea08ec_like ON public.auth_group USING btree (name varchar_pattern_ops);


--
-- Name: auth_group_permissions_group_id_b120cbf9; Type: INDEX; Schema: public; Owner: postgres
--

CREATE INDEX auth_group_permissions_group_id_b120cbf9 ON public.auth_group_permissions USING btree (group_id);


--
-- Name: auth_group_permissions_permission_id_84c5c92e; Type: INDEX; Schema: public; Owner: postgres
--

CREATE INDEX auth_group_permissions_permission_id_84c5c92e ON public.auth_group_permissions USING btree (permission_id);


--
-- Name: auth_permission_content_type_id_2f476e4b; Type: INDEX; Schema: public; Owner: postgres
--

CREATE INDEX auth_permission_content_type_id_2f476e4b ON public.auth_permission USING btree (content_type_id);


--
-- Name: auth_user_groups_group_id_97559544; Type: INDEX; Schema: public; Owner: postgres
--

CREATE INDEX auth_user_groups_group_id_97559544 ON public.auth_user_groups USING btree (group_id);


--
-- Name: auth_user_groups_user_id_6a12ed8b; Type: INDEX; Schema: public; Owner: postgres
--

CREATE INDEX auth_user_groups_user_id_6a12ed8b ON public.auth_user_groups USING btree (user_id);


--
-- Name: auth_user_user_permissions_permission_id_1fbb5f2c; Type: INDEX; Schema: public; Owner: postgres
--

CREATE INDEX auth_user_user_permissions_permission_id_1fbb5f2c ON public.auth_user_user_permissions USING btree (permission_id);


--
-- Name: auth_user_user_permissions_user_id_a95ead1b; Type: INDEX; Schema: public; Owner: postgres
--

CREATE INDEX auth_user_user_permissions_user_id_a95ead1b ON public.auth_user_user_permissions USING btree (user_id);


--
-- Name: auth_user_username_6821ab7c_like; Type: INDEX; Schema: public; Owner: postgres
--

CREATE INDEX auth_user_username_6821ab7c_like ON public.auth_user USING btree (username varchar_pattern_ops);


--
-- Name: django_admin_log_content_type_id_c4bce8eb; Type: INDEX; Schema: public; Owner: postgres
--

CREATE INDEX django_admin_log_content_type_id_c4bce8eb ON public.django_admin_log USING btree (content_type_id);


--
-- Name: django_admin_log_user_id_c564eba6; Type: INDEX; Schema: public; Owner: postgres
--

CREATE INDEX django_admin_log_user_id_c564eba6 ON public.django_admin_log USING btree (user_id);


--
-- Name: django_session_expire_date_a5c62663; Type: INDEX; Schema: public; Owner: postgres
--

CREATE INDEX django_session_expire_date_a5c62663 ON public.django_session USING btree (expire_date);


--
-- Name: django_session_session_key_c0390e0f_like; Type: INDEX; Schema: public; Owner: postgres
--

CREATE INDEX django_session_session_key_c0390e0f_like ON public.django_session USING btree (session_key varchar_pattern_ops);


--
-- Name: pokemones_region_pokemon_pokemon_id_55312ba2; Type: INDEX; Schema: public; Owner: postgres
--

CREATE INDEX pokemones_region_pokemon_pokemon_id_55312ba2 ON public.pokemones_region_pokemon USING btree (id_pokemon_id);


--
-- Name: pokemones_region_pokemon_region_id_3e822eb0; Type: INDEX; Schema: public; Owner: postgres
--

CREATE INDEX pokemones_region_pokemon_region_id_3e822eb0 ON public.pokemones_region_pokemon USING btree (id_region_id);


--
-- Name: pokemones_tipo_pokemon_pokemon_id_b8b585a5; Type: INDEX; Schema: public; Owner: postgres
--

CREATE INDEX pokemones_tipo_pokemon_pokemon_id_b8b585a5 ON public.pokemones_tipo_pokemon USING btree (id_pokemon_id);


--
-- Name: pokemones_tipo_pokemon_tipo_id_30dc2d21; Type: INDEX; Schema: public; Owner: postgres
--

CREATE INDEX pokemones_tipo_pokemon_tipo_id_30dc2d21 ON public.pokemones_tipo_pokemon USING btree (id_tipo_id);


--
-- Name: auth_group_permissions auth_group_permissio_permission_id_84c5c92e_fk_auth_perm; Type: FK CONSTRAINT; Schema: public; Owner: postgres
--

ALTER TABLE ONLY public.auth_group_permissions
    ADD CONSTRAINT auth_group_permissio_permission_id_84c5c92e_fk_auth_perm FOREIGN KEY (permission_id) REFERENCES public.auth_permission(id) DEFERRABLE INITIALLY DEFERRED;


--
-- Name: auth_group_permissions auth_group_permissions_group_id_b120cbf9_fk_auth_group_id; Type: FK CONSTRAINT; Schema: public; Owner: postgres
--

ALTER TABLE ONLY public.auth_group_permissions
    ADD CONSTRAINT auth_group_permissions_group_id_b120cbf9_fk_auth_group_id FOREIGN KEY (group_id) REFERENCES public.auth_group(id) DEFERRABLE INITIALLY DEFERRED;


--
-- Name: auth_permission auth_permission_content_type_id_2f476e4b_fk_django_co; Type: FK CONSTRAINT; Schema: public; Owner: postgres
--

ALTER TABLE ONLY public.auth_permission
    ADD CONSTRAINT auth_permission_content_type_id_2f476e4b_fk_django_co FOREIGN KEY (content_type_id) REFERENCES public.django_content_type(id) DEFERRABLE INITIALLY DEFERRED;


--
-- Name: auth_user_groups auth_user_groups_group_id_97559544_fk_auth_group_id; Type: FK CONSTRAINT; Schema: public; Owner: postgres
--

ALTER TABLE ONLY public.auth_user_groups
    ADD CONSTRAINT auth_user_groups_group_id_97559544_fk_auth_group_id FOREIGN KEY (group_id) REFERENCES public.auth_group(id) DEFERRABLE INITIALLY DEFERRED;


--
-- Name: auth_user_groups auth_user_groups_user_id_6a12ed8b_fk_auth_user_id; Type: FK CONSTRAINT; Schema: public; Owner: postgres
--

ALTER TABLE ONLY public.auth_user_groups
    ADD CONSTRAINT auth_user_groups_user_id_6a12ed8b_fk_auth_user_id FOREIGN KEY (user_id) REFERENCES public.auth_user(id) DEFERRABLE INITIALLY DEFERRED;


--
-- Name: auth_user_user_permissions auth_user_user_permi_permission_id_1fbb5f2c_fk_auth_perm; Type: FK CONSTRAINT; Schema: public; Owner: postgres
--

ALTER TABLE ONLY public.auth_user_user_permissions
    ADD CONSTRAINT auth_user_user_permi_permission_id_1fbb5f2c_fk_auth_perm FOREIGN KEY (permission_id) REFERENCES public.auth_permission(id) DEFERRABLE INITIALLY DEFERRED;


--
-- Name: auth_user_user_permissions auth_user_user_permissions_user_id_a95ead1b_fk_auth_user_id; Type: FK CONSTRAINT; Schema: public; Owner: postgres
--

ALTER TABLE ONLY public.auth_user_user_permissions
    ADD CONSTRAINT auth_user_user_permissions_user_id_a95ead1b_fk_auth_user_id FOREIGN KEY (user_id) REFERENCES public.auth_user(id) DEFERRABLE INITIALLY DEFERRED;


--
-- Name: django_admin_log django_admin_log_content_type_id_c4bce8eb_fk_django_co; Type: FK CONSTRAINT; Schema: public; Owner: postgres
--

ALTER TABLE ONLY public.django_admin_log
    ADD CONSTRAINT django_admin_log_content_type_id_c4bce8eb_fk_django_co FOREIGN KEY (content_type_id) REFERENCES public.django_content_type(id) DEFERRABLE INITIALLY DEFERRED;


--
-- Name: django_admin_log django_admin_log_user_id_c564eba6_fk_auth_user_id; Type: FK CONSTRAINT; Schema: public; Owner: postgres
--

ALTER TABLE ONLY public.django_admin_log
    ADD CONSTRAINT django_admin_log_user_id_c564eba6_fk_auth_user_id FOREIGN KEY (user_id) REFERENCES public.auth_user(id) DEFERRABLE INITIALLY DEFERRED;


--
-- Name: pokemones_region_pokemon pokemones_region_pok_id_pokemon_id_912289ba_fk_pokemones; Type: FK CONSTRAINT; Schema: public; Owner: postgres
--

ALTER TABLE ONLY public.pokemones_region_pokemon
    ADD CONSTRAINT pokemones_region_pok_id_pokemon_id_912289ba_fk_pokemones FOREIGN KEY (id_pokemon_id) REFERENCES public.pokemones_pokemon(id) DEFERRABLE INITIALLY DEFERRED;


--
-- Name: pokemones_region_pokemon pokemones_region_pok_id_region_id_2b01a8bf_fk_pokemones; Type: FK CONSTRAINT; Schema: public; Owner: postgres
--

ALTER TABLE ONLY public.pokemones_region_pokemon
    ADD CONSTRAINT pokemones_region_pok_id_region_id_2b01a8bf_fk_pokemones FOREIGN KEY (id_region_id) REFERENCES public.pokemones_region(id) DEFERRABLE INITIALLY DEFERRED;


--
-- Name: pokemones_tipo_pokemon pokemones_tipo_pokem_id_pokemon_id_8758ff9c_fk_pokemones; Type: FK CONSTRAINT; Schema: public; Owner: postgres
--

ALTER TABLE ONLY public.pokemones_tipo_pokemon
    ADD CONSTRAINT pokemones_tipo_pokem_id_pokemon_id_8758ff9c_fk_pokemones FOREIGN KEY (id_pokemon_id) REFERENCES public.pokemones_pokemon(id) DEFERRABLE INITIALLY DEFERRED;


--
-- Name: pokemones_tipo_pokemon pokemones_tipo_pokemon_id_tipo_id_a69da757_fk_pokemones_tipo_id; Type: FK CONSTRAINT; Schema: public; Owner: postgres
--

ALTER TABLE ONLY public.pokemones_tipo_pokemon
    ADD CONSTRAINT pokemones_tipo_pokemon_id_tipo_id_a69da757_fk_pokemones_tipo_id FOREIGN KEY (id_tipo_id) REFERENCES public.pokemones_tipo(id) DEFERRABLE INITIALLY DEFERRED;


--
-- PostgreSQL database dump complete
--

